4	1	Steak Burrito	[Tomatillo Red Chili Salsa, [Fajita Vegetables, Black Beans, Pinto Beans, Cheese, Sour Cream, Guacamole, Lettuce]]	$11.75 
5	1	Steak Burrito	[Fresh Tomato Salsa, [Rice, Black Beans, Pinto Beans, Cheese, Sour Cream, Lettuce]]	$9.25 
16	1	Steak Burrito	[[Roasted Chili Corn Salsa (Medium), Fresh Tomato Salsa (Mild)], [Rice, Black Beans, Sour Cream]]	$8.99 
20	1	Steak Burrito	[Fresh Tomato Salsa, [Rice, Pinto Beans, Cheese, Sour Cream, Guacamole, Lettuce]]	$11.75 
21	1	Steak Burrito	[Tomatillo-Red Chili Salsa (Hot), [Rice, Fajita Veggies, Cheese]]	$8.99 
22	1	Steak Burrito	[[Fresh Tomato Salsa (Mild), Roasted Chili Corn Salsa (Medium), Tomatillo-Red Chili Salsa (Hot)], [Black Beans, Rice, Sour Cream]]	$8.99 
23	1	Steak Burrito	[Roasted Chili Corn Salsa (Medium), [Rice, Fajita Veggies, Cheese, Sour Cream, Lettuce]]	$8.99 
29	1	Steak Burrito	[Tomatillo-Red Chili Salsa (Hot), [Black Beans, Rice, Fajita Veggies, Cheese, Sour Cream, Lettuce]]	$8.99 
30	1	Steak Burrito	[Tomatillo-Red Chili Salsa (Hot), [Rice, Cheese]]	$8.99 
31	1	Steak Burrito	[Roasted Chili Corn Salsa (Medium), [Rice, Black Beans, Sour Cream]]	$8.99 
32	1	Steak Burrito	[Tomatillo-Red Chili Salsa (Hot), [Black Beans, Rice, Cheese, Sour Cream, Lettuce]]	$8.99 
45	1	Steak Burrito	[Tomatillo-Green Chili Salsa (Medium), [Rice, Cheese, Sour Cream, Lettuce]]	$8.99 
47	1	Steak Burrito	[Roasted Chili Corn Salsa (Medium), [Rice, Black Beans, Fajita Veggies, Sour Cream]]	$8.99 
48	1	Steak Burrito	[Roasted Chili Corn Salsa, [Fajita Vegetables, Rice, Cheese, Sour Cream, Lettuce]]	$9.25 
55	1	Steak Burrito	[Roasted Chili Corn Salsa (Medium), [Rice, Black Beans, Fajita Veggies, Sour Cream]]	$8.99 
66	1	Steak Burrito	[Tomatillo-Green Chili Salsa (Medium), [Rice, Black Beans, Sour Cream, Guacamole]]	$11.48 
67	2	Steak Burrito	[Tomatillo-Red Chili Salsa (Hot), [Rice, Cheese, Sour Cream, Lettuce]]	$17.98 
71	1	Steak Burrito	[Tomatillo Green Chili Salsa, [Rice, Cheese, Guacamole, Lettuce]]	$11.75 
80	1	Steak Burrito	[Fresh Tomato Salsa (Mild), [Rice, Black Beans, Sour Cream, Guacamole]]	$11.48 
85	1	Steak Burrito	[Roasted Chili Corn Salsa (Medium), [Fajita Veggies, Cheese, Lettuce, Sour Cream, Rice]]	$8.99 
87	1	Steak Burrito	[Roasted Chili Corn Salsa (Medium), [Rice, Black Beans, Sour Cream]]	$8.99 
100	1	Steak Burrito	[Roasted Chili Corn Salsa (Medium), [Rice, Black Beans, Sour Cream]]	$8.99 
101	1	Steak Burrito	[Tomatillo-Green Chili Salsa (Medium), [Black Beans, Rice, Cheese, Sour Cream, Lettuce]]	$8.99 
103	1	Steak Burrito	[Tomatillo Red Chili Salsa, [Rice, Black Beans, Cheese, Sour Cream, Guacamole, Lettuce]]	$11.75 
103	1	Steak Burrito	[Tomatillo Red Chili Salsa, [Rice, Black Beans, Cheese]]	$9.25 
103	1	Steak Burrito	[Tomatillo Red Chili Salsa, [Rice, Black Beans, Cheese, Sour Cream, Guacamole, Lettuce]]	$11.75 
108	1	Steak Burrito	[Roasted Chili Corn Salsa (Medium), [Rice, Fajita Veggies, Cheese, Lettuce]]	$8.99 
112	1	Steak Burrito	[Tomatillo-Red Chili Salsa (Hot), [Pinto Beans, Rice, Fajita Veggies, Cheese, Sour Cream]]	$8.99 
115	1	Steak Burrito	[Roasted Chili Corn Salsa (Medium), [Black Beans, Rice]]	$8.99 
129	1	Steak Burrito	[Tomatillo Green Chili Salsa, [Rice, Cheese, Guacamole]]	$11.75 
129	1	Steak Burrito	[Tomatillo Green Chili Salsa, [Rice, Cheese, Guacamole]]	$11.75 
136	1	Steak Burrito	[Tomatillo-Green Chili Salsa (Medium), [Cheese, Lettuce]]	$8.99 
140	1	Steak Burrito	[Fresh Tomato (Mild), [Lettuce, Guacamole, Rice, Cheese]]	$11.08 
142	1	Steak Burrito	[Roasted Chili Corn Salsa (Medium), Rice]	$8.99 
146	1	Steak Burrito	[Roasted Chili Corn Salsa, [Fajita Vegetables, Rice, Cheese, Lettuce]]	$9.25 
152	2	Steak Burrito	[Fresh Tomato (Mild), [Lettuce, Guacamole, Rice, Cheese]]	$22.16 
155	1	Steak Burrito	[Fresh Tomato Salsa (Mild), [Pinto Beans, Cheese, Sour Cream]]	$8.99 
156	1	Steak Burrito	[Fresh Tomato Salsa (Mild), [Cheese, Sour Cream, Lettuce]]	$8.99 
160	1	Steak Burrito	[Roasted Chili Corn Salsa (Medium), [Black Beans, Cheese, Sour Cream, Lettuce]]	$8.99 
164	1	Steak Burrito	[Roasted Chili Corn Salsa (Medium), [Rice, Black Beans, Sour Cream]]	$8.99 
166	1	Steak Burrito	[Tomatillo Red Chili Salsa, [Rice, Fajita Vegetables, Sour Cream, Cheese, Lettuce, Guacamole]]	$11.75 
175	1	Steak Burrito	[Fresh Tomato Salsa, [Rice, Black Beans, Cheese, Sour Cream, Guacamole]]	$11.75 
176	1	Steak Burrito	[Fresh Tomato Salsa, [Rice, Pinto Beans, Cheese, Guacamole, Lettuce]]	$11.75 
183	1	Steak Burrito	[Tomatillo Green Chili Salsa, [Fajita Vegetables, Rice, Cheese, Sour Cream, Lettuce]]	$9.25 
187	1	Steak Burrito	[Tomatillo-Red Chili Salsa (Hot), [Rice, Cheese, Sour Cream, Lettuce]]	$8.99 
191	1	Steak Burrito	[Tomatillo Green Chili Salsa, [Fajita Vegetables, Rice, Cheese, Sour Cream, Lettuce]]	$9.25 
194	1	Steak Burrito	[Fresh Tomato Salsa (Mild), [Black Beans, Rice, Cheese, Sour Cream, Lettuce]]	$8.99 
205	1	Steak Burrito	[Tomatillo Red Chili Salsa, [Rice, Black Beans, Cheese, Sour Cream, Lettuce]]	$9.25 
211	1	Steak Burrito	[Roasted Chili Corn Salsa, [Rice, Black Beans, Sour Cream, Lettuce, Guacamole]]	$11.75 
213	1	Steak Burrito	[Tomatillo-Red Chili Salsa (Hot), Rice]	$8.99 
218	1	Steak Burrito	[Fresh Tomato Salsa (Mild), [Pinto Beans, Rice, Sour Cream]]	$8.99 
223	2	Steak Burrito	[Fresh Tomato Salsa, [Sour Cream, Lettuce, Cheese, Rice]]	$18.50 
225	1	Steak Burrito	[Tomatillo Green Chili Salsa, Cheese]	$9.25 
229	2	Steak Burrito	[Fresh Tomato (Mild), [Lettuce, Guacamole, Rice, Cheese]]	$22.16 
230	1	Steak Burrito	[Tomatillo Green Chili Salsa]	$9.25 
233	1	Steak Burrito	[Fresh Tomato Salsa, [Fajita Vegetables, Rice, Black Beans, Cheese, Sour Cream]]	$9.25 
235	1	Steak Burrito	[Roasted Chili Corn Salsa, [Fajita Vegetables, Sour Cream, Lettuce, Guacamole]]	$11.75 
235	1	Steak Burrito	[Roasted Chili Corn Salsa, [Rice, Fajita Vegetables, Sour Cream, Cheese, Lettuce, Guacamole]]	$11.75 
236	1	Steak Burrito	[Roasted Chili Corn Salsa, [Fajita Vegetables, Rice, Cheese, Lettuce]]	$9.25 
238	1	Steak Burrito	[Fresh Tomato Salsa, [Fajita Vegetables, Cheese, Sour Cream, Guacamole, Lettuce]]	$11.75 
259	1	Steak Burrito	[Tomatillo Green Chili Salsa, [Fajita Vegetables, Rice, Cheese, Sour Cream, Lettuce]]	$9.25 
264	2	Steak Burrito	[Fresh Tomato Salsa, [Rice, Cheese, Sour Cream]]	$18.50 
267	1	Steak Burrito	[Roasted Chili Corn Salsa (Medium), [Rice, Black Beans, Sour Cream]]	$8.99 
269	1	Steak Burrito	[Roasted Chili Corn Salsa (Medium), [Rice, Black Beans, Sour Cream, Guacamole]]	$11.48 
273	1	Steak Burrito	[Fresh Tomato Salsa, [Rice, Black Beans, Sour Cream, Cheese, Lettuce, Guacamole]]	$11.75 
282	1	Steak Burrito	[Roasted Chili Corn Salsa, [Rice, Cheese, Guacamole]]	$11.75 
287	1	Steak Burrito	[Fresh Tomato Salsa (Mild), [Black Beans, Rice, Fajita Veggies, Cheese, Sour Cream, Lettuce]]	$8.99 
291	1	Steak Burrito	[Fresh Tomato Salsa, [Fajita Vegetables, Rice, Cheese, Sour Cream, Lettuce]]	$9.25 
293	1	Steak Burrito	[[Roasted Chili Corn Salsa (Medium), Fresh Tomato Salsa (Mild)], [Rice, Pinto Beans, Cheese, Sour Cream, Guacamole, Lettuce]]	$11.48 
300	1	Steak Burrito	[Roasted Chili Corn Salsa, [Fajita Vegetables, Black Beans, Sour Cream, Guacamole, Lettuce]]	$11.75 
301	1	Steak Burrito	[Roasted Chili Corn (Medium), [Sour Cream, Cheese]]	$8.69 
304	1	Steak Burrito	[Tomatillo Green Chili Salsa, [Rice, Cheese, Guacamole, Lettuce]]	$11.75 
305	1	Steak Burrito	[Roasted Chili Corn Salsa]	$9.25 
332	1	Steak Burrito	[Roasted Chili Corn Salsa (Medium), [Rice, Black Beans, Sour Cream, Lettuce]]	$8.99 
333	1	Steak Burrito	[Fresh Tomato Salsa, [Fajita Vegetables, Rice, Cheese, Lettuce]]	$9.25 
334	1	Steak Burrito	[Tomatillo Green Chili Salsa, [Rice, Black Beans, Cheese, Sour Cream]]	$9.25 
355	1	Steak Burrito	[Roasted Chili Corn Salsa, [Rice, Fajita Vegetables, Sour Cream, Cheese, Lettuce]]	$9.25 
355	1	Steak Burrito	[Tomatillo Green Chili Salsa, [Rice, Fajita Vegetables, Black Beans, Cheese]]	$9.25 
356	1	Steak Burrito	[Roasted Chili Corn Salsa (Medium), [Rice, Fajita Veggies, Sour Cream, Guacamole, Lettuce]]	$11.48 
356	1	Steak Burrito	[Roasted Chili Corn Salsa (Medium), [Rice, Sour Cream, Lettuce]]	$8.99 
366	1	Steak Burrito	[Tomatillo Red Chili Salsa]	$9.25 
371	1	Steak Burrito	[[Fresh Tomato Salsa (Mild), Roasted Chili Corn Salsa (Medium), Tomatillo-Red Chili Salsa (Hot)], [Black Beans, Rice, Sour Cream]]	$8.99 
376	1	Steak Burrito	[Roasted Chili Corn Salsa (Medium), [Rice, Fajita Veggies, Cheese, Sour Cream, Lettuce]]	$8.99 
376	1	Steak Burrito	[Roasted Chili Corn Salsa (Medium), [Rice, Fajita Veggies, Cheese, Sour Cream, Lettuce]]	$8.99 
377	1	Steak Burrito	[Roasted Chili Corn Salsa (Medium), [Black Beans, Rice, Cheese]]	$8.99 
379	1	Steak Burrito	[Roasted Chili Corn Salsa, [Fajita Vegetables, Rice, Cheese, Sour Cream, Guacamole, Lettuce]]	$11.75 
387	1	Steak Burrito	[Roasted Chili Corn Salsa, [Rice, Fajita Vegetables, Cheese, Lettuce, Guacamole]]	$11.75 
387	1	Steak Burrito	[Roasted Chili Corn Salsa, [Rice, Fajita Vegetables, Sour Cream, Lettuce, Guacamole]]	$11.75 
388	1	Steak Burrito	[Tomatillo-Red Chili Salsa (Hot), [Pinto Beans, Rice, Cheese, Sour Cream]]	$8.99 
393	1	Steak Burrito	[Fresh Tomato Salsa (Mild), [Pinto Beans, Rice, Cheese, Sour Cream, Lettuce]]	$8.99 
397	1	Steak Burrito	[Fresh Tomato Salsa, [Rice, Black Beans, Cheese, Sour Cream]]	$9.25 
407	1	Steak Burrito	[Roasted Chili Corn Salsa, [Rice, Sour Cream, Cheese, Guacamole]]	$11.75 
416	1	Steak Burrito	[Tomatillo Red Chili Salsa]	$9.25 
417	1	Steak Burrito	[Tomatillo-Red Chili Salsa (Hot), [Rice, Cheese, Sour Cream]]	$8.99 
422	1	Steak Burrito	[Roasted Chili Corn Salsa, [Rice, Pinto Beans, Cheese, Lettuce]]	$9.25 
440	1	Steak Burrito	[Roasted Chili Corn Salsa, [Rice, Pinto Beans, Cheese, Lettuce]]	$9.25 
441	1	Steak Burrito	[Roasted Chili Corn Salsa, [Rice, Pinto Beans, Cheese, Sour Cream, Guacamole, Lettuce]]	$11.75 
442	1	Steak Burrito	[[Roasted Chili Corn Salsa (Medium), Tomatillo-Green Chili Salsa (Medium)], [Rice, Black Beans, Sour Cream, Guacamole]]	$11.48 
447	1	Steak Burrito	[[Fresh Tomato Salsa (Mild), Roasted Chili Corn Salsa (Medium), Tomatillo-Red Chili Salsa (Hot)], [Black Beans, Rice, Sour Cream]]	$8.99 
450	1	Steak Burrito	[Fresh Tomato Salsa (Mild), [Pinto Beans, Rice, Guacamole]]	$11.48 
455	1	Steak Burrito	[Roasted Chili Corn Salsa, [Rice, Pinto Beans, Cheese, Sour Cream, Guacamole]]	$11.75 
461	1	Steak Burrito	[Fresh Tomato Salsa, [Fajita Vegetables, Rice, Black Beans, Sour Cream, Guacamole, Lettuce]]	$11.75 
467	1	Steak Burrito	[Roasted Chili Corn Salsa, [Rice, Pinto Beans, Cheese, Sour Cream, Guacamole]]	$11.75 
471	1	Steak Burrito	[Tomatillo-Green Chili Salsa (Medium), [Pinto Beans, Rice, Cheese, Sour Cream]]	$8.99 
471	1	Steak Burrito	[Fresh Tomato Salsa (Mild), [Rice, Cheese, Sour Cream, Lettuce]]	$8.99 
472	1	Steak Burrito	[[Fresh Tomato Salsa (Mild), Tomatillo-Red Chili Salsa (Hot)], [Pinto Beans, Fajita Veggies, Cheese, Guacamole]]	$11.48 
473	1	Steak Burrito	[Fresh Tomato Salsa, [Fajita Vegetables, Rice, Black Beans, Cheese, Sour Cream]]	$9.25 
476	1	Steak Burrito	[Fresh Tomato Salsa (Mild), [Pinto Beans, Black Beans, Rice, Fajita Veggies, Cheese, Sour Cream, Lettuce]]	$8.99 
477	1	Steak Burrito	[Tomatillo-Red Chili Salsa (Hot), [Rice, Cheese, Sour Cream]]	$8.99 
491	1	Steak Burrito	[Fresh Tomato Salsa, [Rice, Black Beans, Cheese, Sour Cream, Guacamole, Lettuce]]	$11.75 
496	1	Steak Burrito	[[Fresh Tomato Salsa (Mild), Roasted Chili Corn Salsa (Medium)], [Black Beans, Rice, Cheese, Lettuce]]	$8.99 
502	1	Steak Burrito	[Roasted Chili Corn Salsa, [Black Beans, Cheese, Sour Cream, Guacamole, Lettuce]]	$11.75 
511	3	Steak Burrito	[Fresh Tomato Salsa, [Fajita Vegetables, Rice, Black Beans, Cheese, Lettuce]]	$27.75 
513	2	Steak Burrito	[[Tomatillo-Green Chili Salsa (Medium), Tomatillo-Red Chili Salsa (Hot)], [Black Beans, Rice, Fajita Veggies, Sour Cream]]	$17.98 
517	1	Steak Burrito	[Tomatillo Red Chili (Hot), [Lettuce, Rice, Sour Cream, Cheese]]	$8.69 
519	1	Steak Burrito	[Fresh Tomato Salsa (Mild), [Rice, Cheese, Sour Cream, Guacamole, Lettuce]]	$11.48 
519	1	Steak Burrito	[Fresh Tomato Salsa (Mild), [Rice, Black Beans, Cheese, Sour Cream, Guacamole, Lettuce]]	$11.48 
522	1	Steak Burrito	[Roasted Chili Corn Salsa, [Rice, Pinto Beans, Cheese]]	$9.25 
525	1	Steak Burrito	[[Roasted Chili Corn Salsa (Medium), Fresh Tomato Salsa (Mild)], [Lettuce, Black Beans, Sour Cream, Cheese, Rice, Fajita Veggies, Pinto Beans]]	$8.99 
534	1	Steak Burrito	[Tomatillo Red Chili Salsa, [Fajita Vegetables, Black Beans, Cheese, Sour Cream, Guacamole]]	$11.75 
539	1	Steak Burrito	[[Fresh Tomato Salsa (Mild), Tomatillo-Red Chili Salsa (Hot)], [Rice, Cheese, Sour Cream, Guacamole]]	$11.48 
540	1	Steak Burrito	[Fresh Tomato Salsa, [Rice, Pinto Beans, Cheese]]	$9.25 
541	1	Steak Burrito	[Fresh Tomato Salsa, [Fajita Vegetables, Rice, Black Beans, Cheese, Sour Cream, Guacamole]]	$11.75 
545	1	Steak Burrito	[Roasted Chili Corn Salsa, [Rice, Pinto Beans, Cheese, Sour Cream, Guacamole]]	$11.75 
547	1	Steak Burrito	[Tomatillo-Green Chili Salsa (Medium), [Rice, Cheese, Sour Cream, Lettuce]]	$8.99 
560	1	Steak Burrito	[Roasted Chili Corn Salsa, [Rice, Pinto Beans, Cheese, Lettuce]]	$9.25 
562	1	Steak Burrito	[Fresh Tomato Salsa (Mild), [Cheese, Sour Cream, Guacamole, Lettuce]]	$11.48 
564	1	Steak Burrito	[Fresh Tomato Salsa, [Rice, Sour Cream, Guacamole]]	$11.75 
590	1	Steak Burrito	[Fresh Tomato Salsa, [Rice, Fajita Vegetables, Black Beans, Sour Cream, Cheese, Lettuce]]	$9.25 
597	1	Steak Burrito	[Fresh Tomato Salsa, [Rice, Sour Cream, Guacamole, Lettuce]]	$11.75 
614	1	Steak Burrito	[[Roasted Chili Corn Salsa (Medium), Tomatillo-Green Chili Salsa (Medium)], [Rice, Black Beans, Sour Cream]]	$8.99 
618	1	Steak Burrito	[Fresh Tomato Salsa, [Rice, Sour Cream, Guacamole, Lettuce]]	$11.75 
620	1	Steak Burrito	[Fresh Tomato Salsa, [Rice, Sour Cream, Guacamole, Lettuce]]	$11.75 
633	1	Steak Burrito	[Roasted Chili Corn Salsa, [Black Beans, Cheese, Lettuce]]	$9.25 
640	1	Steak Burrito	[Roasted Chili Corn Salsa, [Fajita Vegetables, Black Beans, Sour Cream, Lettuce, Guacamole]]	$11.75 
642	1	Steak Burrito	[Roasted Chili Corn Salsa, [Black Beans, Cheese, Lettuce]]	$9.25 
659	1	Steak Burrito	[Roasted Chili Corn Salsa, [Rice, Pinto Beans, Sour Cream, Cheese, Guacamole]]	$11.75 
660	1	Steak Burrito	[Fresh Tomato Salsa, [Rice, Sour Cream, Guacamole, Lettuce]]	$11.75 
661	1	Steak Burrito	[Tomatillo Red Chili Salsa, [Rice, Black Beans, Cheese, Sour Cream, Lettuce]]	$9.25 
662	1	Steak Burrito	[Tomatillo-Red Chili Salsa (Hot), [Rice, Fajita Veggies, Cheese, Sour Cream, Lettuce]]	$8.99 
678	1	Steak Burrito	[Fresh Tomato Salsa (Mild), [Pinto Beans, Rice, Cheese, Sour Cream]]	$8.99 
681	1	Steak Burrito	[Tomatillo Green Chili Salsa, [Rice, Fajita Vegetables, Sour Cream, Cheese, Lettuce]]	$9.25 
684	1	Steak Burrito	[Fresh Tomato Salsa, [Sour Cream, Guacamole, Rice, Lettuce]]	$11.75 
685	1	Steak Burrito	[Fresh Tomato Salsa, [Rice, Cheese, Lettuce]]	$9.25 
691	1	Steak Burrito	[Tomatillo Red Chili Salsa, [Rice, Black Beans, Cheese, Lettuce]]	$9.25 
691	1	Steak Burrito	[Fresh Tomato Salsa, [Rice, Pinto Beans, Cheese, Guacamole, Lettuce]]	$11.75 
691	1	Steak Burrito	[Fresh Tomato Salsa, [Rice, Pinto Beans, Guacamole, Lettuce]]	$11.75 
691	1	Steak Burrito	[Fresh Tomato Salsa, [Rice, Black Beans, Cheese, Sour Cream, Guacamole, Lettuce]]	$11.75 
708	2	Steak Burrito	[Tomatillo Green Chili Salsa, [Fajita Vegetables, Rice, Cheese, Sour Cream, Guacamole, Lettuce]]	$23.50 
712	1	Steak Burrito	[Roasted Chili Corn Salsa, [Fajita Vegetables, Rice, Black Beans, Cheese, Sour Cream, Guacamole, Lettuce]]	$11.75 
714	1	Steak Burrito	[Roasted Chili Corn Salsa, [Fajita Vegetables, Rice, Black Beans, Cheese]]	$9.25 
715	1	Steak Burrito	[Roasted Chili Corn Salsa, [Lettuce, Black Beans, Cheese]]	$9.25 
716	1	Steak Burrito	[Fresh Tomato Salsa, [Rice, Sour Cream, Guacamole, Lettuce]]	$11.75 
735	1	Steak Burrito	[Fresh Tomato Salsa (Mild), [Pinto Beans, Rice, Cheese, Sour Cream]]	$8.99 
753	1	Steak Burrito	[Tomatillo Red Chili Salsa, Sour Cream]	$9.25 
754	1	Steak Burrito	[Fresh Tomato Salsa, [Rice, Pinto Beans, Cheese, Sour Cream, Guacamole]]	$11.75 
772	1	Steak Burrito	[Roasted Chili Corn Salsa, [Rice, Black Beans, Sour Cream, Cheese, Lettuce]]	$9.25 
775	1	Steak Burrito	[[Roasted Chili Corn Salsa (Medium), Tomatillo-Red Chili Salsa (Hot)], [Pinto Beans, Rice, Fajita Veggies, Cheese, Sour Cream, Lettuce]]	$8.99 
784	1	Steak Burrito	[Tomatillo Green Chili Salsa, [Fajita Vegetables, Rice, Cheese, Sour Cream, Guacamole, Lettuce]]	$11.75 
785	1	Steak Burrito	[Fresh Tomato Salsa, [Rice, Sour Cream, Lettuce, Guacamole]]	$11.75 
787	1	Steak Burrito	[[Tomatillo-Green Chili Salsa (Medium), Roasted Chili Corn Salsa (Medium), Tomatillo-Red Chili Salsa (Hot)], [Pinto Beans, Rice, Fajita Veggies, Cheese, Sour Cream, Lettuce]]	$8.99 
788	1	Steak Burrito	[Fresh Tomato Salsa (Mild), [Rice, Fajita Veggies, Cheese, Lettuce]]	$8.99 
789	1	Steak Burrito	[Fresh Tomato Salsa (Mild), [Pinto Beans, Rice, Cheese, Sour Cream]]	$8.99 
791	1	Steak Burrito	[Fresh Tomato Salsa, [Rice, Pinto Beans, Cheese, Guacamole, Lettuce]]	$11.75 
794	1	Steak Burrito	[Fresh Tomato Salsa (Mild), [Black Beans, Rice, Cheese, Sour Cream, Lettuce]]	$8.99 
805	1	Steak Burrito	[Tomatillo Red Chili Salsa, [Rice, Pinto Beans, Cheese, Lettuce]]	$9.25 
810	1	Steak Burrito	[[Fresh Tomato Salsa (Mild), Roasted Chili Corn Salsa (Medium)], [Rice, Guacamole, Lettuce]]	$11.48 
810	1	Steak Burrito	[Fresh Tomato Salsa (Mild), [Black Beans, Rice, Guacamole, Lettuce]]	$11.48 
816	1	Steak Burrito	[Tomatillo Red Chili Salsa, [Fajita Vegetables, Rice, Cheese, Sour Cream]]	$9.25 
823	1	Steak Burrito	[Fresh Tomato Salsa, [Rice, Black Beans, Cheese, Sour Cream, Guacamole, Lettuce]]	$11.75 
827	1	Steak Burrito	[Roasted Chili Corn Salsa (Medium), [Rice, Fajita Veggies, Cheese, Sour Cream, Lettuce]]	$8.99 
828	1	Steak Burrito	[Fresh Tomato Salsa (Mild), [Pinto Beans, Rice, Cheese, Sour Cream]]	$8.99 
830	1	Steak Burrito	[Tomatillo Green Chili Salsa, [Fajita Vegetables, Cheese, Sour Cream, Guacamole, Lettuce, Rice]]	$11.75 
840	1	Steak Burrito	[Fresh Tomato Salsa (Mild), [Pinto Beans, Rice, Cheese, Sour Cream]]	$8.99 
852	1	Steak Burrito	[[Fresh Tomato Salsa (Mild), Roasted Chili Corn Salsa (Medium)], [Black Beans, Rice, Fajita Veggies, Sour Cream, Lettuce]]	$8.99 
853	1	Steak Burrito	[Roasted Chili Corn Salsa, [Cheese, Black Beans, Lettuce]]	$9.25 
854	1	Steak Burrito	[Roasted Chili Corn Salsa, [Rice, Pinto Beans, Cheese, Sour Cream]]	$9.25 
855	1	Steak Burrito	[Roasted Chili Corn Salsa, [Rice, Cheese, Guacamole, Lettuce]]	$11.75 
859	1	Steak Burrito	[Fresh Tomato Salsa (Mild), Black Beans]	$8.99 
867	1	Steak Burrito	[Fresh Tomato Salsa (Mild), [Pinto Beans, Rice, Cheese, Sour Cream]]	$8.99 
868	1	Steak Burrito	[Fresh Tomato Salsa (Mild), [Black Beans, Rice, Cheese, Lettuce]]	$8.99 
879	1	Steak Burrito	[Tomatillo Red Chili Salsa, [Rice, Cheese, Sour Cream]]	$9.25 
885	1	Steak Burrito	[Fresh Tomato Salsa, [Rice, Fajita Vegetables, Pinto Beans, Cheese, Lettuce, Guacamole]]	$11.75 
889	1	Steak Burrito	[[Roasted Chili Corn Salsa (Medium), Tomatillo-Green Chili Salsa (Medium)], [Rice, Black Beans, Pinto Beans, Fajita Veggies, Cheese, Sour Cream, Lettuce]]	$8.99 
893	1	Steak Burrito	[Tomatillo Green Chili Salsa, [Fajita Vegetables, Rice, Cheese, Sour Cream, Guacamole, Lettuce]]	$11.75 
897	1	Steak Burrito	[Fresh Tomato Salsa (Mild), [Pinto Beans, Rice, Cheese, Sour Cream]]	$8.99 
901	1	Steak Burrito	[[Fresh Tomato Salsa (Mild), Roasted Chili Corn Salsa (Medium)], [Black Beans, Rice, Sour Cream, Guacamole, Lettuce]]	$11.48 
901	1	Steak Burrito	[[Fresh Tomato Salsa (Mild), Roasted Chili Corn Salsa (Medium)], [Black Beans, Rice, Cheese, Lettuce]]	$8.99 
926	1	Steak Burrito	[Fresh Tomato Salsa, [Rice, Sour Cream, Lettuce]]	$9.25 
926	1	Steak Burrito	[Roasted Chili Corn Salsa, [Rice, Cheese, Sour Cream, Lettuce]]	$9.25 
927	1	Steak Burrito	[Fresh Tomato Salsa (Mild), [Rice, Fajita Veggies, Cheese, Sour Cream, Lettuce]]	$8.99 
927	1	Steak Burrito	[Tomatillo-Green Chili Salsa (Medium), [Rice, Fajita Veggies, Cheese, Sour Cream, Lettuce]]	$8.99 
936	1	Steak Burrito	[Fresh Tomato Salsa, [Rice, Black Beans, Sour Cream, Cheese]]	$9.25 
943	1	Steak Burrito	[Roasted Chili Corn Salsa, [Fajita Vegetables, Rice, Black Beans, Pinto Beans, Cheese, Sour Cream, Guacamole, Lettuce]]	$11.75 
946	1	Steak Burrito	[Tomatillo Green Chili Salsa, [Fajita Vegetables, Rice, Black Beans, Cheese, Lettuce]]	$9.25 
947	2	Steak Burrito	[Fresh Tomato Salsa (Mild), [Pinto Beans, Cheese, Lettuce]]	$17.98 
950	1	Steak Burrito	[Fresh Tomato Salsa (Mild), [Pinto Beans, Rice, Cheese, Sour Cream]]	$8.99 
952	1	Steak Burrito	[Tomatillo Green Chili Salsa, [Rice, Black Beans, Cheese, Guacamole, Lettuce]]	$11.75 
953	1	Steak Burrito	[Tomatillo Red Chili Salsa, [Rice, Lettuce]]	$9.25 
967	1	Steak Burrito	[Fresh Tomato Salsa (Mild), [Pinto Beans, Rice, Cheese, Sour Cream]]	$8.99 
968	1	Steak Burrito	[Fresh Tomato Salsa, [Rice, Black Beans, Cheese, Sour Cream, Guacamole, Lettuce]]	$11.75 
979	1	Steak Burrito	[Roasted Chili Corn Salsa, [Rice, Pinto Beans, Cheese, Sour Cream, Lettuce]]	$9.25 
982	1	Steak Burrito	[Tomatillo Green Chili Salsa, [Fajita Vegetables, Rice, Cheese, Sour Cream, Lettuce]]	$9.25 
984	1	Steak Burrito	[Tomatillo Red Chili Salsa, [Rice, Fajita Vegetables, Pinto Beans, Sour Cream, Lettuce]]	$9.25 
987	1	Steak Burrito	[Tomatillo Green Chili Salsa, [Lettuce, Guacamole, Sour Cream, Cheese, Fajita Vegetables, Rice]]	$11.75 
990	1	Steak Burrito	[Fresh Tomato Salsa (Mild), [Pinto Beans, Rice, Cheese, Sour Cream]]	$8.99 
995	1	Steak Burrito	[Fresh Tomato Salsa, [Pinto Beans, Cheese, Sour Cream, Lettuce]]	$9.25 
996	1	Steak Burrito	[Tomatillo Red Chili Salsa, [Fajita Vegetables, Rice, Black Beans, Pinto Beans, Cheese, Sour Cream, Guacamole, Lettuce]]	$11.75 
999	1	Steak Burrito	[Fresh Tomato Salsa, [Rice, Fajita Vegetables, Cheese, Lettuce]]	$9.25 
1001	1	Steak Burrito	[Fresh Tomato Salsa (Mild), [Pinto Beans, Rice, Cheese, Sour Cream]]	$8.99 
1014	1	Steak Burrito	[Fresh Tomato Salsa (Mild), [Cheese, Rice, Pinto Beans, Sour Cream]]	$8.99 
1030	1	Steak Burrito	[Roasted Chili Corn Salsa, [Rice, Cheese]]	$9.25 
1043	1	Steak Burrito	[Fresh Tomato Salsa, [Rice, Fajita Vegetables, Pinto Beans, Cheese, Guacamole]]	$11.75 
1056	1	Steak Burrito	[Roasted Chili Corn Salsa (Medium), [Rice, Fajita Veggies, Cheese, Sour Cream, Lettuce]]	$8.99 
1063	1	Steak Burrito	[Tomatillo Green Chili Salsa, [Rice, Sour Cream, Guacamole, Lettuce]]	$11.75 
1070	1	Steak Burrito	[Roasted Chili Corn Salsa, [Rice, Pinto Beans, Sour Cream, Cheese, Lettuce]]	$9.25 
1077	1	Steak Burrito	[Roasted Chili Corn Salsa, [Cheese, Black Beans, Lettuce]]	$9.25 
1080	1	Steak Burrito	[Roasted Chili Corn Salsa, [Rice, Cheese, Sour Cream, Guacamole, Lettuce]]	$11.75 
1095	1	Steak Burrito	[Tomatillo-Red Chili Salsa (Hot), [Rice, Fajita Veggies, Cheese]]	$8.99 
1098	1	Steak Burrito	[Fresh Tomato Salsa (Mild), [Rice, Fajita Veggies, Cheese, Guacamole]]	$11.48 
1105	1	Steak Burrito	[Fresh Tomato Salsa, [Pinto Beans, Cheese, Sour Cream]]	$9.25 
1118	1	Steak Burrito	[[Roasted Chili Corn Salsa (Medium), Tomatillo-Red Chili Salsa (Hot)], [Black Beans, Rice, Cheese, Sour Cream, Lettuce]]	$8.99 
1119	1	Steak Burrito	[Tomatillo-Red Chili Salsa (Hot), [Rice, Cheese, Sour Cream, Lettuce]]	$8.99 
1120	1	Steak Burrito	[Roasted Chili Corn Salsa (Medium), [Rice, Fajita Veggies, Cheese, Sour Cream, Lettuce]]	$8.99 
1121	1	Steak Burrito	[Roasted Chili Corn Salsa (Medium), [Pinto Beans, Black Beans, Rice, Fajita Veggies, Lettuce]]	$8.99 
1122	1	Steak Burrito	[[Fresh Tomato Salsa (Mild), Tomatillo-Red Chili Salsa (Hot)], [Rice, Cheese, Sour Cream, Lettuce]]	$8.99 
1126	1	Steak Burrito	[Tomatillo Green Chili Salsa, [Rice, Sour Cream, Guacamole, Lettuce]]	$11.75 
1127	1	Steak Burrito	[Fresh Tomato Salsa, [Rice, Cheese, Sour Cream]]	$9.25 
1128	1	Steak Burrito	[Roasted Chili Corn Salsa (Medium), [Black Beans, Rice, Fajita Veggies, Cheese, Sour Cream]]	$8.99 
1130	1	Steak Burrito	[Tomatillo Red Chili Salsa, [Cheese, Sour Cream]]	$9.25 
1131	1	Steak Burrito	[[Roasted Chili Corn Salsa (Medium), Fresh Tomato Salsa (Mild)], [Rice, Black Beans, Cheese, Lettuce]]	$8.99 
1133	1	Steak Burrito	[[Roasted Chili Corn Salsa (Medium), Tomatillo-Red Chili Salsa (Hot)], [Black Beans, Rice, Cheese, Sour Cream, Lettuce]]	$8.99 
1142	1	Steak Burrito	[Tomatillo-Red Chili Salsa (Hot), [Pinto Beans, Cheese, Sour Cream, Lettuce]]	$8.99 
1147	1	Steak Burrito	[[Roasted Chili Corn Salsa (Medium), Tomatillo-Red Chili Salsa (Hot)], [Black Beans, Rice, Cheese, Sour Cream, Lettuce]]	$8.99 
1151	1	Steak Burrito	[Fresh Tomato Salsa, [Sour Cream, Rice, Guacamole, Lettuce]]	$11.75 
1154	1	Steak Burrito	[Fresh Tomato Salsa, [Rice, Pinto Beans, Cheese, Sour Cream, Guacamole, Lettuce]]	$11.75 
1156	1	Steak Burrito	[Roasted Chili Corn Salsa (Medium), [Black Beans, Rice, Cheese, Sour Cream, Lettuce]]	$8.99 
1170	1	Steak Burrito	[Tomatillo-Red Chili Salsa (Hot), [Black Beans, Rice, Fajita Veggies, Cheese]]	$8.99 
1171	1	Steak Burrito	[Roasted Chili Corn Salsa, [Rice, Pinto Beans, Sour Cream, Cheese, Lettuce]]	$9.25 
1175	2	Steak Burrito	[[Tomatillo-Green Chili Salsa (Medium), Roasted Chili Corn Salsa (Medium), Tomatillo-Red Chili Salsa (Hot)], [Black Beans, Rice, Cheese, Sour Cream, Guacamole, Lettuce]]	$22.96 
1179	1	Steak Burrito	[Fresh Tomato Salsa, [Rice, Black Beans, Cheese]]	$9.25 
1191	1	Steak Burrito	[Tomatillo Green Chili Salsa, [Rice, Pinto Beans, Cheese, Sour Cream, Guacamole]]	$11.75 
1191	1	Steak Burrito	[Fresh Tomato Salsa, [Pinto Beans, Cheese, Sour Cream, Guacamole]]	$11.75 
1192	1	Steak Burrito	[Roasted Chili Corn Salsa (Medium), [Rice, Fajita Veggies, Cheese, Sour Cream]]	$8.99 
1198	1	Steak Burrito	[[Roasted Chili Corn Salsa (Medium), Tomatillo-Red Chili Salsa (Hot)], [Black Beans, Rice, Cheese, Sour Cream, Lettuce]]	$8.99 
1220	1	Steak Burrito	[Tomatillo-Green Chili Salsa (Medium), [Black Beans, Rice, Cheese]]	$8.99 
1233	1	Steak Burrito	[Tomatillo-Red Chili Salsa (Hot), [Black Beans, Rice, Cheese, Sour Cream, Guacamole, Lettuce]]	$11.48 
1241	1	Steak Burrito	[Tomatillo Green Chili Salsa, [Rice, Black Beans, Cheese, Sour Cream, Lettuce]]	$9.25 
1243	1	Steak Burrito	[Fresh Tomato Salsa, [Rice, Black Beans, Cheese, Sour Cream]]	$9.25 
1248	1	Steak Burrito	[Fresh Tomato Salsa, [Rice, Pinto Beans, Cheese, Lettuce]]	$9.25 
1250	2	Steak Burrito	[Tomatillo Red Chili Salsa, [Cheese, Black Beans, Rice, Lettuce, Sour Cream]]	$18.50 
1252	1	Steak Burrito	[Fresh Tomato (Mild), [Black Beans, Guacamole, Rice, Sour Cream, Cheese]]	$11.08 
1258	1	Steak Burrito	[[Roasted Chili Corn Salsa (Medium), Tomatillo-Green Chili Salsa (Medium)], [Rice, Black Beans, Sour Cream]]	$8.99 
1262	1	Steak Burrito	[[Roasted Chili Corn Salsa (Medium), Tomatillo-Red Chili Salsa (Hot), Fresh Tomato Salsa (Mild)], [Rice, Pinto Beans, Fajita Veggies, Cheese, Sour Cream, Lettuce]]	$8.99 
1266	1	Steak Burrito	[Tomatillo Red Chili Salsa, [Rice, Black Beans, Lettuce]]	$9.25 
1270	1	Steak Burrito	[Tomatillo Green Chili Salsa, [Rice, Sour Cream, Guacamole, Lettuce]]	$11.75 
1271	1	Steak Burrito	[Roasted Chili Corn Salsa (Medium), Lettuce]	$8.99 
1275	1	Steak Burrito	[Fresh Tomato Salsa, [Pinto Beans, Cheese, Sour Cream]]	$9.25 
1277	1	Steak Burrito	[Roasted Chili Corn Salsa (Medium), [Rice, Pinto Beans, Cheese, Lettuce]]	$8.99 
1279	1	Steak Burrito	[Fresh Tomato Salsa, [Guacamole, Lettuce, Sour Cream, Rice]]	$11.75 
1280	1	Steak Burrito	[Roasted Chili Corn Salsa, [Rice, Pinto Beans, Cheese, Sour Cream, Guacamole]]	$11.75 
1282	1	Steak Burrito	[Fresh Tomato Salsa (Mild), [Rice, Fajita Veggies, Cheese, Sour Cream, Guacamole]]	$11.48 
1291	1	Steak Burrito	[Fresh Tomato Salsa (Mild), [Pinto Beans, Rice, Cheese, Sour Cream]]	$8.99 
1296	1	Steak Burrito	[Fresh Tomato Salsa, [Black Beans, Cheese, Guacamole, Lettuce]]	$11.75 
1300	1	Steak Burrito	[[Roasted Chili Corn Salsa (Medium), Tomatillo-Red Chili Salsa (Hot)], [Black Beans, Rice, Cheese, Sour Cream, Lettuce]]	$8.99 
1302	1	Steak Burrito	[Fresh Tomato (Mild), [Lettuce, Guacamole, Pinto Beans, Rice, Sour Cream, Cheese]]	$11.08 
1311	1	Steak Burrito	[Tomatillo-Red Chili Salsa (Hot), [Guacamole, Lettuce, Sour Cream, Rice, Cheese, Black Beans]]	$11.48 
1322	1	Steak Burrito	[Fresh Tomato Salsa, [Rice, Cheese, Lettuce, Pinto Beans]]	$9.25 
1328	1	Steak Burrito	[Fresh Tomato Salsa, [Rice, Cheese, Sour Cream, Guacamole]]	$11.75 
1339	1	Steak Burrito	[[Fresh Tomato Salsa (Mild), Tomatillo-Red Chili Salsa (Hot)], [Rice, Cheese, Sour Cream, Guacamole, Lettuce]]	$11.48 
1344	1	Steak Burrito	[Fresh Tomato Salsa, [Rice, Black Beans, Cheese, Sour Cream, Guacamole]]	$11.75 
1349	1	Steak Burrito	[[Fresh Tomato Salsa (Mild), Tomatillo-Red Chili Salsa (Hot)], [Pinto Beans, Rice, Cheese, Sour Cream]]	$8.99 
1356	1	Steak Burrito	[Fresh Tomato Salsa, [Rice, Black Beans, Cheese]]	$9.25 
1356	1	Steak Burrito	[Fresh Tomato Salsa, [Fajita Vegetables, Rice, Black Beans, Cheese, Guacamole]]	$11.75 
1360	1	Steak Burrito	[Roasted Chili Corn Salsa, [Fajita Vegetables, Rice, Cheese, Sour Cream, Guacamole, Lettuce]]	$11.75 
1364	1	Steak Burrito	[Fresh Tomato Salsa, [Pinto Beans, Lettuce, Cheese, Rice]]	$9.25 
1372	1	Steak Burrito	[Fresh Tomato Salsa, [Rice, Cheese]]	$9.25 
1379	1	Steak Burrito	[[Fresh Tomato Salsa (Mild), Tomatillo-Red Chili Salsa (Hot)], [Rice, Cheese, Sour Cream]]	$8.99 
1389	1	Steak Burrito	[Roasted Chili Corn Salsa, [Rice, Black Beans, Cheese]]	$9.25 
1406	1	Steak Burrito	[[Lettuce, Fajita Veggies, Rice]]	$8.69 
1414	1	Steak Burrito	[Fresh Tomato Salsa, [Rice, Black Beans, Pinto Beans, Cheese, Sour Cream, Lettuce]]	$9.25 
1418	1	Steak Burrito	[Tomatillo Red Chili Salsa, [Rice, Black Beans]]	$9.25 
1419	1	Steak Burrito	[Fresh Tomato (Mild), [Lettuce, Pinto Beans, Rice, Sour Cream, Cheese]]	$8.69 
1420	1	Steak Burrito	[[Lettuce, Fajita Veggies, Rice]]	$8.69 
1421	1	Steak Burrito	[Tomatillo Red Chili Salsa, [Rice, Black Beans, Cheese, Sour Cream, Lettuce]]	$9.25 
1423	1	Steak Burrito	[[Lettuce, Fajita Veggies, Rice]]	$8.69 
1428	1	Steak Burrito	[Roasted Chili Corn Salsa, [Rice, Pinto Beans, Sour Cream, Cheese, Guacamole]]	$11.75 
1429	1	Steak Burrito	[Tomatillo-Green Chili Salsa (Medium), [Rice, Fajita Veggies, Cheese, Sour Cream, Lettuce]]	$8.99 
1431	1	Steak Burrito	[Fresh Tomato Salsa, [Rice, Black Beans, Cheese, Sour Cream, Lettuce]]	$9.25 
1431	1	Steak Burrito	[Tomatillo Green Chili Salsa, [Rice, Black Beans, Cheese, Sour Cream, Lettuce]]	$9.25 
1431	1	Steak Burrito	[Fresh Tomato Salsa, [Rice, Black Beans, Cheese, Lettuce]]	$9.25 
1432	1	Steak Burrito	[Tomatillo Green Chili Salsa, [Rice, Black Beans, Sour Cream, Lettuce]]	$9.25 
1443	3	Steak Burrito	[Fresh Tomato Salsa, [Rice, Black Beans, Cheese, Sour Cream]]	$27.75 
1449	2	Steak Burrito	[Fresh Tomato Salsa (Mild), [Black Beans, Rice, Fajita Veggies, Cheese]]	$17.98 
1450	1	Steak Burrito	[Tomatillo Green Chili Salsa, [Rice, Black Beans, Lettuce]]	$9.25 
1452	1	Steak Burrito	[Roasted Chili Corn Salsa (Medium), [Rice, Pinto Beans, Lettuce]]	$8.99 
1456	1	Steak Burrito	[Tomatillo Green Chili Salsa, [Rice, Black Beans, Pinto Beans, Cheese, Sour Cream, Guacamole, Lettuce]]	$11.75 
1459	1	Steak Burrito	[Roasted Chili Corn Salsa (Medium), [Pinto Beans, Rice, Fajita Veggies, Cheese, Lettuce]]	$8.99 
1464	1	Steak Burrito	[Tomatillo Green Chili Salsa, [Rice, Fajita Vegetables, Sour Cream, Cheese, Lettuce]]	$9.25 
1468	1	Steak Burrito	[Tomatillo-Green Chili Salsa (Medium), [Rice, Fajita Veggies, Cheese, Lettuce]]	$8.99 
1469	1	Steak Burrito	[Fresh Tomato Salsa, [Rice, Pinto Beans, Cheese, Sour Cream]]	$9.25 
1473	1	Steak Burrito	[Fresh Tomato Salsa, [Cheese, Sour Cream, Guacamole, Lettuce]]	$11.75 
1475	1	Steak Burrito	[[Roasted Chili Corn Salsa (Medium), Tomatillo-Red Chili Salsa (Hot), Fresh Tomato Salsa (Mild)], [Rice, Black Beans, Pinto Beans, Cheese, Sour Cream, Lettuce]]	$8.99 
1483	1	Steak Burrito	[Roasted Chili Corn Salsa, [Rice, Black Beans, Cheese, Sour Cream, Guacamole, Lettuce]]	$11.75 
1494	1	Steak Burrito	[[Fresh Tomato Salsa (Mild), Tomatillo-Red Chili Salsa (Hot)], [Rice, Cheese, Sour Cream]]	$8.99 
1500	1	Steak Burrito	[[Fresh Tomato Salsa (Mild), Roasted Chili Corn Salsa (Medium)], [Pinto Beans, Rice, Fajita Veggies, Cheese, Sour Cream]]	$8.99 
1505	1	Steak Burrito	[Fresh Tomato Salsa, [Rice, Black Beans, Cheese]]	$9.25 
1508	1	Steak Burrito	[Fresh Tomato Salsa, [Rice, Black Beans, Cheese, Sour Cream, Guacamole, Lettuce]]	$11.75 
1522	1	Steak Burrito	[Fresh Tomato Salsa, [Fajita Vegetables, Rice, Black Beans, Guacamole, Lettuce]]	$11.75 
1525	1	Steak Burrito	[Fresh Tomato Salsa, [Rice, Black Beans, Cheese, Sour Cream]]	$9.25 
1526	1	Steak Burrito	[Tomatillo Red Chili Salsa, [Fajita Vegetables, Rice, Black Beans, Cheese, Sour Cream, Guacamole, Lettuce]]	$11.75 
1531	1	Steak Burrito	[Fresh Tomato Salsa, [Rice, Cheese, Guacamole, Lettuce]]	$11.75 
1537	1	Steak Burrito	[Fresh Tomato Salsa, [Rice, Black Beans, Cheese, Lettuce]]	$9.25 
1539	1	Steak Burrito	[Fresh Tomato Salsa, [Pinto Beans, Cheese, Sour Cream]]	$9.25 
1539	1	Steak Burrito	[Fresh Tomato Salsa, [Pinto Beans, Cheese, Sour Cream, Guacamole]]	$11.75 
1547	1	Steak Burrito	[Tomatillo Red Chili Salsa, [Rice, Black Beans, Cheese]]	$9.25 
1548	2	Steak Burrito	[Fresh Tomato Salsa, [Fajita Vegetables, Rice, Pinto Beans, Cheese, Sour Cream, Lettuce]]	$18.50 
1553	1	Steak Burrito	[Roasted Chili Corn Salsa, [Pinto Beans, Rice, Guacamole, Sour Cream, Cheese]]	$11.75 
1557	1	Steak Burrito	[Tomatillo-Red Chili Salsa (Hot), [Rice, Pinto Beans, Cheese]]	$8.99 
1568	1	Steak Burrito	[Tomatillo-Red Chili Salsa (Hot), [Rice, Cheese, Sour Cream, Lettuce]]	$8.99 
1585	1	Steak Burrito	[[Fresh Tomato Salsa (Mild), Tomatillo-Red Chili Salsa (Hot)], [Black Beans, Rice, Fajita Veggies, Cheese, Lettuce]]	$8.99 
1586	1	Steak Burrito	[Tomatillo Red Chili Salsa, [Rice, Pinto Beans, Cheese, Sour Cream]]	$9.25 
1588	1	Steak Burrito	[Fresh Tomato Salsa, [Rice, Cheese]]	$9.25 
1591	2	Steak Burrito	[Fresh Tomato Salsa, [Lettuce, Sour Cream, Cheese, Fajita Vegetables, Pinto Beans, Rice]]	$18.50 
1592	1	Steak Burrito	[Tomatillo Red Chili Salsa, [Rice, Black Beans, Sour Cream, Lettuce]]	$9.25 
1598	1	Steak Burrito	[Tomatillo Red Chili (Hot), [Lettuce, Black Beans, Rice, Sour Cream, Cheese]]	$8.69 
1602	1	Steak Burrito	[Roasted Chili Corn Salsa (Medium), [Rice, Black Beans, Pinto Beans, Fajita Veggies, Lettuce]]	$8.99 
1603	1	Steak Burrito	[Roasted Chili Corn Salsa, [Rice, Black Beans, Cheese, Sour Cream]]	$9.25 
1605	1	Steak Burrito	[[Fresh Tomato Salsa (Mild), Tomatillo-Red Chili Salsa (Hot)], [Pinto Beans, Rice, Cheese, Sour Cream, Lettuce]]	$8.99 
1614	1	Steak Burrito	[Roasted Chili Corn Salsa, [Fajita Vegetables, Rice, Black Beans, Cheese, Guacamole, Lettuce]]	$11.75 
1628	1	Steak Burrito	[[Lettuce, Fajita Veggies, Rice]]	$8.69 
1638	1	Steak Burrito	[Tomatillo-Red Chili Salsa (Hot), [Black Beans, Rice, Cheese, Lettuce]]	$8.99 
1639	1	Steak Burrito	[Fresh Tomato Salsa, [Rice, Black Beans, Cheese, Sour Cream, Guacamole]]	$11.75 
1641	1	Steak Burrito	[Roasted Chili Corn Salsa, [Rice, Black Beans, Cheese, Sour Cream, Lettuce]]	$9.25 
1643	1	Steak Burrito	[Tomatillo Red Chili Salsa, [Fajita Vegetables, Rice, Black Beans, Cheese, Sour Cream, Guacamole, Lettuce]]	$11.75 
1645	1	Steak Burrito	[Fresh Tomato Salsa, [Rice, Pinto Beans, Cheese, Sour Cream]]	$9.25 
1648	1	Steak Burrito	[Tomatillo Red Chili Salsa, [Rice, Pinto Beans, Cheese, Lettuce]]	$9.25 
1649	1	Steak Burrito	[Tomatillo Green Chili Salsa, [Fajita Vegetables, Rice, Cheese, Sour Cream, Lettuce]]	$9.25 
1656	1	Steak Burrito	[Fresh Tomato Salsa, [Rice, Pinto Beans, Cheese, Sour Cream, Guacamole]]	$11.75 
1676	1	Steak Burrito	[Fresh Tomato Salsa, [Rice, Fajita Vegetables, Black Beans, Sour Cream, Cheese]]	$9.25 
1695	1	Steak Burrito	[Tomatillo Red Chili Salsa, [Rice, Fajita Vegetables, Cheese, Lettuce, Guacamole]]	$11.75 
1695	1	Steak Burrito	[Tomatillo Red Chili Salsa, [Rice, Black Beans, Cheese]]	$9.25 
1700	1	Steak Burrito	[Fresh Tomato Salsa, [Rice, Black Beans, Cheese, Guacamole, Lettuce]]	$11.75 
1702	1	Steak Burrito	[Rice, Tomatillo-Red Chili Salsa (Hot)]	$8.99 
1703	1	Steak Burrito	[Fresh Tomato Salsa, [Fajita Vegetables, Rice, Cheese, Sour Cream, Lettuce]]	$9.25 
1715	1	Steak Burrito	[Fresh Tomato Salsa, [Rice, Pinto Beans, Cheese, Sour Cream, Guacamole, Lettuce]]	$11.75 
1719	2	Steak Burrito	[Tomatillo Red Chili Salsa, [Rice, Black Beans, Cheese, Lettuce, Sour Cream]]	$18.50 
1722	1	Steak Burrito	[Tomatillo Green Chili Salsa, [Fajita Vegetables, Rice, Cheese, Sour Cream, Lettuce]]	$9.25 
1726	1	Steak Burrito	[Tomatillo Red Chili Salsa, [Rice, Black Beans, Cheese, Sour Cream, Guacamole, Lettuce]]	$11.75 
1727	1	Steak Burrito	[Roasted Chili Corn Salsa, [Fajita Vegetables, Rice, Black Beans, Cheese]]	$9.25 
1729	1	Steak Burrito	[Fresh Tomato Salsa, [Rice, Pinto Beans, Cheese, Sour Cream]]	$9.25 
1748	1	Steak Burrito	[Fresh Tomato Salsa, [Fajita Vegetables, Rice, Black Beans, Pinto Beans, Cheese, Sour Cream, Guacamole, Lettuce]]	$11.75 
1749	1	Steak Burrito	[Fresh Tomato Salsa, [Rice, Pinto Beans, Cheese, Sour Cream, Guacamole, Lettuce]]	$11.75 
1753	1	Steak Burrito	[Fresh Tomato Salsa, [Rice, Black Beans, Sour Cream, Cheese]]	$9.25 
1758	1	Steak Burrito	[Fresh Tomato Salsa, [Cheese, Black Beans, Rice]]	$9.25 
1762	1	Steak Burrito	[Roasted Chili Corn Salsa, [Fajita Vegetables, Rice, Pinto Beans, Cheese, Sour Cream]]	$9.25 
1766	1	Steak Burrito	[Fresh Tomato Salsa, [Rice, Pinto Beans, Cheese, Sour Cream]]	$9.25 
1766	1	Steak Burrito	[Tomatillo Red Chili Salsa, [Fajita Vegetables, Rice, Black Beans, Sour Cream, Guacamole]]	$11.75 
1772	1	Steak Burrito	[Tomatillo Red Chili Salsa, [Rice, Fajita Vegetables, Cheese, Lettuce, Guacamole]]	$11.75 
1772	1	Steak Burrito	[Tomatillo Red Chili Salsa, [Rice, Black Beans, Cheese]]	$9.25 
1783	1	Steak Burrito	[Tomatillo Green Chili Salsa, [Rice, Fajita Vegetables, Sour Cream, Cheese, Lettuce]]	$9.25 
1793	1	Steak Burrito	[Brown Rice]	$8.99 
1803	1	Steak Burrito	[Fresh Tomato Salsa, [Fajita Vegetables, Rice, Cheese]]	$9.25 
1807	1	Steak Burrito	[Fresh Tomato Salsa, [Rice, Black Beans, Cheese]]	$9.25 
1829	1	Steak Burrito	[Tomatillo Green Chili Salsa, [Rice, Cheese, Sour Cream, Guacamole]]	$11.75 
1830	1	Steak Burrito	[Fresh Tomato Salsa, [Rice, Sour Cream, Cheese, Lettuce, Guacamole]]	$11.75 
1833	1	Steak Burrito	[Fresh Tomato Salsa, [Rice, Black Beans, Sour Cream, Cheese, Lettuce, Guacamole]]	$11.75 
1833	1	Steak Burrito	[Fresh Tomato Salsa, [Rice, Sour Cream, Cheese, Lettuce, Guacamole]]	$11.75 
